Workbook

Sheet START HERE
A1: Jan-Pro Manager Procurement + Supply Planning System
A3: Purpose
A4: Use this workbook like a manager tool: forecast supplies from contract workload, track inventory, rank vendors, and generate purchase order recommendations before accounts run short.
A6: Step | B6: What to do | C6: Where | E6: Manager Notes
A7: 1 | B7: Update contract schedule, headcount, service type, and square footage. | C7: Contracts | E7: Items marked ORDER are below safe stock based on contract workload.
A8: 2 | B8: Update worker list if using manager assignments or accountability. | C8: Employees | E8: Preferred vendors are selected by score, not only price.
A9: 3 | B9: Update current inventory counts at least weekly. | C9: Inventory | E9: This is Excel, but the workflow models SAP Ariba style purchasing: demand → supplier → PO → delivery → inventory.
A10: 4 | B10: Review calculated supply demand by contract. | C10: Supply Forecast
A11: 5 | B11: Review recommended orders and PO status. | C11: Purchase Orders
A12: 6 | B12: Use dashboard KPIs for quick management decisions. | C12: Manager Dashboard

Sheet Manager Dashboard
A1: Jan-Pro Manager Dashboard
A3: KPI | B3: Value | C3: Manager Read | E3: Items Needing Action | L3: Item | M3: Current | N3: Reorder Point | O3: Suggested Qty
A4: Open PO Drafts | B4: =COUNTIF('Purchase Orders'!$D$4:$D$13,"Draft") -> 10 | C4: Purchase orders waiting | E4: Item | F4: Current | G4: Reorder Point | H4: Status | I4: Suggested Qty | J4: Vendor | L4: =E5 -> Trash Liners 55 Gal | M4: =F5 -> 28 | N4: =G5 -> 91 | O4: =I5 -> 38
A5: Items to Order | B5: =COUNTIF(Inventory!$K$4:$K$13,"ORDER") -> 10 | C5: Inventory risk | E5: =IFERROR(INDEX(Inventory!$B$4:$B$13,MATCH(1,Inventory!$N$4:$N$13,0)),"") -> Trash Liners 55 Gal | F5: =IFERROR(INDEX(Inventory!$E$4:$E$13,MATCH(1,Inventory!$N$4:$N$13,0)),"") -> 28 | G5: =IFERROR(INDEX(Inventory!$I$4:$I$13,MATCH(1,Inventory!$N$4:$N$13,0)),"") -> 91 | H5: =IFERROR(INDEX(Inventory!$K$4:$K$13,MATCH(1,Inventory!$N$4:$N$13,0)),"") -> ORDER | I5: =IFERROR(INDEX(Inventory!$J$4:$J$13,MATCH(1,Inventory!$N$4:$N$13,0)),"") -> 38 | J5: =IFERROR(INDEX('Purchase Orders'!$I$4:$I$13,MATCH(INDEX(Inventory!$A$4:$A$13,MATCH(1,Inventory!$N$4:$N$13,0)),'Purchase Orders'!$B$4:$B$13,0)),"") -> CleanCo Supply | L5: =E6 -> Nitrile Gloves | M5: =F6 -> 45 | N5: =G6 -> 132 | O5: =I6 -> 75
A6: Watch Items | B6: =COUNTIF(Inventory!$K$4:$K$13,"WATCH") -> 0 | C6: Near reorder point | E6: =IFERROR(INDEX(Inventory!$B$4:$B$13,MATCH(2,Inventory!$N$4:$N$13,0)),"") -> Nitrile Gloves | F6: =IFERROR(INDEX(Inventory!$E$4:$E$13,MATCH(2,Inventory!$N$4:$N$13,0)),"") -> 45 | G6: =IFERROR(INDEX(Inventory!$I$4:$I$13,MATCH(2,Inventory!$N$4:$N$13,0)),"") -> 132 | H6: =IFERROR(INDEX(Inventory!$K$4:$K$13,MATCH(2,Inventory!$N$4:$N$13,0)),"") -> ORDER | I6: =IFERROR(INDEX(Inventory!$J$4:$J$13,MATCH(2,Inventory!$N$4:$N$13,0)),"") -> 75 | J6: =IFERROR(INDEX('Purchase Orders'!$I$4:$I$13,MATCH(INDEX(Inventory!$A$4:$A$13,MATCH(2,Inventory!$N$4:$N$13,0)),'Purchase Orders'!$B$4:$B$13,0)),"") -> Facility Depot | L6: =E7 -> Disinfectant Concentrate | M6: =F7 -> 14 | N6: =G7 -> 83 | O6: =I7 -> 22
A7: Weekly Supply Forecast | B7: =SUM(Inventory!$H$4:$H$13) -> 391.4 | C7: Expected weekly units | E7: =IFERROR(INDEX(Inventory!$B$4:$B$13,MATCH(3,Inventory!$N$4:$N$13,0)),"") -> Disinfectant Concentrate | F7: =IFERROR(INDEX(Inventory!$E$4:$E$13,MATCH(3,Inventory!$N$4:$N$13,0)),"") -> 14 | G7: =IFERROR(INDEX(Inventory!$I$4:$I$13,MATCH(3,Inventory!$N$4:$N$13,0)),"") -> 83 | H7: =IFERROR(INDEX(Inventory!$K$4:$K$13,MATCH(3,Inventory!$N$4:$N$13,0)),"") -> ORDER | I7: =IFERROR(INDEX(Inventory!$J$4:$J$13,MATCH(3,Inventory!$N$4:$N$13,0)),"") -> 22 | J7: =IFERROR(INDEX('Purchase Orders'!$I$4:$I$13,MATCH(INDEX(Inventory!$A$4:$A$13,MATCH(3,Inventory!$N$4:$N$13,0)),'Purchase Orders'!$B$4:$B$13,0)),"") -> Janitorial Direct | L7: =E8 -> Glass Cleaner | M7: =F8 -> 12 | N7: =G8 -> 49 | O7: =I8 -> 12
A8: Estimated PO Cost | B8: =SUM('Purchase Orders'!$K$4:$K$13) -> 7257 | C8: Projected spend | E8: =IFERROR(INDEX(Inventory!$B$4:$B$13,MATCH(4,Inventory!$N$4:$N$13,0)),"") -> Glass Cleaner | F8: =IFERROR(INDEX(Inventory!$E$4:$E$13,MATCH(4,Inventory!$N$4:$N$13,0)),"") -> 12 | G8: =IFERROR(INDEX(Inventory!$I$4:$I$13,MATCH(4,Inventory!$N$4:$N$13,0)),"") -> 49 | H8: =IFERROR(INDEX(Inventory!$K$4:$K$13,MATCH(4,Inventory!$N$4:$N$13,0)),"") -> ORDER | I8: =IFERROR(INDEX(Inventory!$J$4:$J$13,MATCH(4,Inventory!$N$4:$N$13,0)),"") -> 12 | J8: =IFERROR(INDEX('Purchase Orders'!$I$4:$I$13,MATCH(INDEX(Inventory!$A$4:$A$13,MATCH(4,Inventory!$N$4:$N$13,0)),'Purchase Orders'!$B$4:$B$13,0)),"") -> CleanCo Supply | L8: =E9 -> Paper Towels | M8: =F9 -> 18 | N8: =G9 -> 96 | O8: =I9 -> 24
A9: Active Contracts | B9: =COUNTIF(Contracts!$I$4:$I$15,"Yes") -> 12 | C9: Accounts running | E9: =IFERROR(INDEX(Inventory!$B$4:$B$13,MATCH(5,Inventory!$N$4:$N$13,0)),"") -> Paper Towels | F9: =IFERROR(INDEX(Inventory!$E$4:$E$13,MATCH(5,Inventory!$N$4:$N$13,0)),"") -> 18 | G9: =IFERROR(INDEX(Inventory!$I$4:$I$13,MATCH(5,Inventory!$N$4:$N$13,0)),"") -> 96 | H9: =IFERROR(INDEX(Inventory!$K$4:$K$13,MATCH(5,Inventory!$N$4:$N$13,0)),"") -> ORDER | I9: =IFERROR(INDEX(Inventory!$J$4:$J$13,MATCH(5,Inventory!$N$4:$N$13,0)),"") -> 24 | J9: =IFERROR(INDEX('Purchase Orders'!$I$4:$I$13,MATCH(INDEX(Inventory!$A$4:$A$13,MATCH(5,Inventory!$N$4:$N$13,0)),'Purchase Orders'!$B$4:$B$13,0)),"") -> Facility Depot | L9: =E10 -> Toilet Tissue | M9: =F10 -> 16 | N9: =G10 -> 84 | O9: =I10 -> 20
A10: High/Critical Contracts | B10: =COUNTIFS(Contracts!$I$4:$I$15,"Yes",Contracts!$G$4:$G$15,"High")+COUNTIFS(Contracts!$I$4:$I$15,"Yes",Contracts!$G$4:$G$15,"Critical") -> 5 | C10: Service risk focus | E10: =IFERROR(INDEX(Inventory!$B$4:$B$13,MATCH(6,Inventory!$N$4:$N$13,0)),"") -> Toilet Tissue | F10: =IFERROR(INDEX(Inventory!$E$4:$E$13,MATCH(6,Inventory!$N$4:$N$13,0)),"") -> 16 | G10: =IFERROR(INDEX(Inventory!$I$4:$I$13,MATCH(6,Inventory!$N$4:$N$13,0)),"") -> 84 | H10: =IFERROR(INDEX(Inventory!$K$4:$K$13,MATCH(6,Inventory!$N$4:$N$13,0)),"") -> ORDER | I10: =IFERROR(INDEX(Inventory!$J$4:$J$13,MATCH(6,Inventory!$N$4:$N$13,0)),"") -> 20 | J10: =IFERROR(INDEX('Purchase Orders'!$I$4:$I$13,MATCH(INDEX(Inventory!$A$4:$A$13,MATCH(6,Inventory!$N$4:$N$13,0)),'Purchase Orders'!$B$4:$B$13,0)),"") -> CleanCo Supply | L10: =E11 -> Microfiber Towels | M10: =F11 -> 20 | N10: =G11 -> 42 | O10: =I11 -> 10
E11: =IFERROR(INDEX(Inventory!$B$4:$B$13,MATCH(7,Inventory!$N$4:$N$13,0)),"") -> Microfiber Towels | F11: =IFERROR(INDEX(Inventory!$E$4:$E$13,MATCH(7,Inventory!$N$4:$N$13,0)),"") -> 20 | G11: =IFERROR(INDEX(Inventory!$I$4:$I$13,MATCH(7,Inventory!$N$4:$N$13,0)),"") -> 42 | H11: =IFERROR(INDEX(Inventory!$K$4:$K$13,MATCH(7,Inventory!$N$4:$N$13,0)),"") -> ORDER | I11: =IFERROR(INDEX(Inventory!$J$4:$J$13,MATCH(7,Inventory!$N$4:$N$13,0)),"") -> 10 | J11: =IFERROR(INDEX('Purchase Orders'!$I$4:$I$13,MATCH(INDEX(Inventory!$A$4:$A$13,MATCH(7,Inventory!$N$4:$N$13,0)),'Purchase Orders'!$B$4:$B$13,0)),"") -> CleanCo Supply | L11: =E12 -> Mop Heads | M11: =F12 -> 13 | N11: =G12 -> 28 | O11: =I12 -> 11
E12: =IFERROR(INDEX(Inventory!$B$4:$B$13,MATCH(8,Inventory!$N$4:$N$13,0)),"") -> Mop Heads | F12: =IFERROR(INDEX(Inventory!$E$4:$E$13,MATCH(8,Inventory!$N$4:$N$13,0)),"") -> 13 | G12: =IFERROR(INDEX(Inventory!$I$4:$I$13,MATCH(8,Inventory!$N$4:$N$13,0)),"") -> 28 | H12: =IFERROR(INDEX(Inventory!$K$4:$K$13,MATCH(8,Inventory!$N$4:$N$13,0)),"") -> ORDER | I12: =IFERROR(INDEX(Inventory!$J$4:$J$13,MATCH(8,Inventory!$N$4:$N$13,0)),"") -> 11 | J12: =IFERROR(INDEX('Purchase Orders'!$I$4:$I$13,MATCH(INDEX(Inventory!$A$4:$A$13,MATCH(8,Inventory!$N$4:$N$13,0)),'Purchase Orders'!$B$4:$B$13,0)),"") -> Janitorial Direct | L12: =E13 -> Floor Cleaner | M12: =F13 -> 10 | N12: =G13 -> 74 | O12: =I13 -> 20
A13: Vendor Spend Forecast | E13: =IFERROR(INDEX(Inventory!$B$4:$B$13,MATCH(9,Inventory!$N$4:$N$13,0)),"") -> Floor Cleaner | F13: =IFERROR(INDEX(Inventory!$E$4:$E$13,MATCH(9,Inventory!$N$4:$N$13,0)),"") -> 10 | G13: =IFERROR(INDEX(Inventory!$I$4:$I$13,MATCH(9,Inventory!$N$4:$N$13,0)),"") -> 74 | H13: =IFERROR(INDEX(Inventory!$K$4:$K$13,MATCH(9,Inventory!$N$4:$N$13,0)),"") -> ORDER | I13: =IFERROR(INDEX(Inventory!$J$4:$J$13,MATCH(9,Inventory!$N$4:$N$13,0)),"") -> 20 | J13: =IFERROR(INDEX('Purchase Orders'!$I$4:$I$13,MATCH(INDEX(Inventory!$A$4:$A$13,MATCH(9,Inventory!$N$4:$N$13,0)),'Purchase Orders'!$B$4:$B$13,0)),"") -> Janitorial Direct | L13: =E14 -> Hand Soap Refill | M13: =F14 -> 11 | N13: =G14 -> 56 | O13: =I14 -> 13
A14: Vendor | B14: Open PO Cost | C14: Open Lines | D14: Avg Lead Days | E14: =IFERROR(INDEX(Inventory!$B$4:$B$13,MATCH(10,Inventory!$N$4:$N$13,0)),"") -> Hand Soap Refill | F14: =IFERROR(INDEX(Inventory!$E$4:$E$13,MATCH(10,Inventory!$N$4:$N$13,0)),"") -> 11 | G14: =IFERROR(INDEX(Inventory!$I$4:$I$13,MATCH(10,Inventory!$N$4:$N$13,0)),"") -> 56 | H14: =IFERROR(INDEX(Inventory!$K$4:$K$13,MATCH(10,Inventory!$N$4:$N$13,0)),"") -> ORDER | I14: =IFERROR(INDEX(Inventory!$J$4:$J$13,MATCH(10,Inventory!$N$4:$N$13,0)),"") -> 13 | J14: =IFERROR(INDEX('Purchase Orders'!$I$4:$I$13,MATCH(INDEX(Inventory!$A$4:$A$13,MATCH(10,Inventory!$N$4:$N$13,0)),'Purchase Orders'!$B$4:$B$13,0)),"") -> Facility Depot
A15: CleanCo Supply | B15: =SUMIFS('Purchase Orders'!$K$4:$K$13,'Purchase Orders'!$I$4:$I$13,A15) -> 2168 | C15: =COUNTIFS('Purchase Orders'!$I$4:$I$13,A15) -> 4 | D15: =IFERROR(AVERAGEIFS('Purchase Orders'!$L$4:$L$13,'Purchase Orders'!$I$4:$I$13,A15),0) -> 2.75
A16: Facility Depot | B16: =SUMIFS('Purchase Orders'!$K$4:$K$13,'Purchase Orders'!$I$4:$I$13,A16) -> 4101 | C16: =COUNTIFS('Purchase Orders'!$I$4:$I$13,A16) -> 3 | D16: =IFERROR(AVERAGEIFS('Purchase Orders'!$L$4:$L$13,'Purchase Orders'!$I$4:$I$13,A16),0) -> 3.3333333
A17: Janitorial Direct | B17: =SUMIFS('Purchase Orders'!$K$4:$K$13,'Purchase Orders'!$I$4:$I$13,A17) -> 988 | C17: =COUNTIFS('Purchase Orders'!$I$4:$I$13,A17) -> 3 | D17: =IFERROR(AVERAGEIFS('Purchase Orders'!$L$4:$L$13,'Purchase Orders'!$I$4:$I$13,A17),0) -> 2.6666667 | E17: Manager Workflow
E18: 1 | F18: Check KPI block for risk.
E19: 2 | F19: Review action items. Anything ORDER should be placed or confirmed.
E20: 3 | F20: Use Vendors tab if a preferred supplier is delayed.
E21: 4 | F21: Use Purchase Orders tab to change Draft → Submitted → Confirmed → Received.
E22: 5 | F22: Update Inventory after received orders or physical counts.

Sheet Contracts
A1: Contracts and Service Demand
A3: Client | B3: Site Address | C3: Service Type | D3: Sq Ft | E3: Days/Week | F3: Headcount | G3: Priority | H3: Start Date | I3: Active | J3: Weekly Visits | K3: Notes
A4: Bank | B4: 4204 Main St, Dallas, TX | C4: Office | D4: 4500 | E4: 5 | F4: 1 | G4: High | H4: 46023 | I4: Yes | J4: =IF(I4="Yes",E4,0) -> 5 | K4: Lobby, restrooms, teller area
A5: HighSchool | B5: 2194 Main St, Fort Worth, TX | C5: Education | D5: 52000 | E5: 5 | F5: 2 | G5: High | H5: 46023 | I5: Yes | J5: =IF(I5="Yes",E5,0) -> 5 | K5: Classrooms and cafeteria
A6: CityHall | B6: 6048 Main St, Arlington, TX | C6: Office | D6: 18000 | E6: 5 | F6: 2 | G6: Normal | H6: 46023 | I6: Yes | J6: =IF(I6="Yes",E6,0) -> 5 | K6: Public building
A7: Library | B7: 7126 Main St, Plano, TX | C7: Light Office | D7: 14000 | E7: 5 | F7: 1 | G7: Normal | H7: 46023 | I7: Yes | J7: =IF(I7="Yes",E7,0) -> 5 | K7: Quiet zone, restrooms
A8: FireStation | B8: 9627 Main St, Irving, TX | C8: Industrial | D8: 9000 | E8: 5 | F8: 1 | G8: High | H8: 46023 | I8: Yes | J8: =IF(I8="Yes",E8,0) -> 5 | K8: Bay floor, kitchen
A9: CityHall2 | B9: 2363 Main St, Garland, TX | C9: Office | D9: 12000 | E9: 5 | F9: 1 | G9: Normal | H9: 46023 | I9: Yes | J9: =IF(I9="Yes",E9,0) -> 5
A10: Highschool2 | B10: 4202 Main St, Frisco, TX | C10: Education | D10: 47000 | E10: 6 | F10: 2 | G10: High | H10: 46023 | I10: Yes | J10: =IF(I10="Yes",E10,0) -> 6
A11: FireStation2 | B11: 2290 Main St, McKinney, TX | C11: Industrial | D11: 8000 | E11: 6 | F11: 1 | G11: Normal | H11: 46023 | I11: Yes | J11: =IF(I11="Yes",E11,0) -> 6
A12: CityHall3 | B12: 7444 Main St, Grand Prairie, TX | C12: Office | D12: 22000 | E12: 6 | F12: 2 | G12: Normal | H12: 46023 | I12: Yes | J12: =IF(I12="Yes",E12,0) -> 6
A13: HighSchool3 | B13: 5477 Main St, Denton, TX | C13: Education | D13: 68000 | E13: 6 | F13: 4 | G13: Critical | H13: 46023 | I13: Yes | J13: =IF(I13="Yes",E13,0) -> 6 | K13: Large account, higher risk
A14: FireStation3 | B14: 3987 Main St, Mesquite, TX | C14: Industrial | D14: 8200 | E14: 6 | F14: 1 | G14: Normal | H14: 46023 | I14: Yes | J14: =IF(I14="Yes",E14,0) -> 6
A15: Library2 | B15: 4031 Main St, Richardson, TX | C15: Light Office | D15: 16000 | E15: 6 | F15: 2 | G15: Normal | H15: 46023 | I15: Yes | J15: =IF(I15="Yes",E15,0) -> 6

Sheet Employees
A1: Employee Availability and Manager Dispatch Notes
A3: ID | B3: Name | C3: Role | D3: Pay Rate | E3: Home Address | F3: Mon | G3: Tue | H3: Wed | I3: Thu | J3: Fri | K3: Sat | L3: Sun
A4: JAN001 | B4: Alex Rivera | C4: Cleaner | D4: 17.5 | E4: 9407 Oak St, Dallas, TX | F4: 1 | G4: 1 | H4: 1 | I4: 1 | J4: 1 | K4: 0 | L4: 1
A5: JAN002 | B5: Morgan Lee | C5: Cleaner | D5: 17.25 | E5: 4586 Oak St, Fort Worth, TX | F5: 1 | G5: 1 | H5: 1 | I5: 1 | J5: 1 | K5: 1 | L5: 0
A6: JAN003 | B6: Chris Johnson | C6: Cleaner | D6: 17.25 | E6: 2832 Oak St, Arlington, TX | F6: 0 | G6: 1 | H6: 1 | I6: 1 | J6: 1 | K6: 1 | L6: 1
A7: JAN004 | B7: Taylor Smith | C7: Cleaner | D7: 17.75 | E7: 3206 Oak St, Plano, TX | F7: 1 | G7: 0 | H7: 1 | I7: 1 | J7: 1 | K7: 1 | L7: 1
A8: JAN005 | B8: Jamie Patel | C8: Cleaner | D8: 17.25 | E8: 7340 Oak St, Irving, TX | F8: 1 | G8: 1 | H8: 1 | I8: 1 | J8: 1 | K8: 0 | L8: 0
A9: JAN006 | B9: Riley Garcia | C9: Cleaner | D9: 17.5 | E9: 2308 Oak St, Garland, TX | F9: 1 | G9: 1 | H9: 1 | I9: 0 | J9: 1 | K9: 1 | L9: 1
A10: JAN007 | B10: Jordan Kim | C10: Cleaner | D10: 17.25 | E10: 9630 Oak St, Frisco, TX | F10: 0 | G10: 0 | H10: 1 | I10: 1 | J10: 1 | K10: 1 | L10: 1
A11: JAN008 | B11: Casey Brown | C11: Cleaner | D11: 17.25 | E11: 4561 Oak St, McKinney, TX | F11: 1 | G11: 1 | H11: 1 | I11: 1 | J11: 1 | K11: 1 | L11: 0
A12: JAN009 | B12: Drew Wilson | C12: Cleaner | D12: 17.25 | E12: 4490 Oak St, Grand Prairie, TX | F12: 0 | G12: 1 | H12: 1 | I12: 1 | J12: 1 | K12: 1 | L12: 0
A13: JAN010 | B13: Avery Davis | C13: Cleaner | D13: 17.5 | E13: 2815 Oak St, Denton, TX | F13: 1 | G13: 1 | H13: 0 | I13: 0 | J13: 1 | K13: 1 | L13: 1
A14: LD011 | B14: Sam Thomas | C14: Lead | D14: 19.25 | E14: 4025 Oak St, Mesquite, TX | F14: 1 | G14: 1 | H14: 1 | I14: 1 | J14: 0 | K14: 1 | L14: 1
A15: LD012 | B15: Parker Moore | C15: Lead | D15: 19.25 | E15: 2435 Oak St, Richardson, TX | F15: 0 | G15: 1 | H15: 1 | I15: 1 | J15: 1 | K15: 1 | L15: 1

Sheet Supply Catalog
A1: Supply Catalog and Usage Model
A3: Item ID | B3: Item | C3: Category | D3: Unit | E3: Base Usage/Visit | F3: SqFt Usage Factor | G3: Headcount Factor | H3: Safety Stock % | I3: Preferred Vendor | J3: Notes
A4: SUP001 | B4: Trash Liners 55 Gal | C4: Consumable | D4: case | E4: 0.18 | F4: 1.5e-05 | G4: 0.05 | H4: 0.25 | I4: CleanCo Supply | J4: Used across most accounts
A5: SUP002 | B5: Nitrile Gloves | C5: Consumable | D5: box | E5: 0.45 | F5: 5e-06 | G5: 0.1 | H5: 0.3 | I5: Facility Depot | J5: Higher use on restroom-heavy sites
A6: SUP003 | B6: Disinfectant Concentrate | C6: Chemical | D6: gallon | E6: 0.12 | F6: 2e-05 | G6: 0.04 | H6: 0.35 | I6: Janitorial Direct | J6: Core chemical
A7: SUP004 | B7: Glass Cleaner | C7: Chemical | D7: gallon | E7: 0.08 | F7: 1e-05 | G7: 0.03 | H7: 0.2 | I7: CleanCo Supply | J7: Office-heavy use
A8: SUP005 | B8: Paper Towels | C8: Restroom | D8: case | E8: 0.2 | F8: 2e-05 | G8: 0.04 | H8: 0.3 | I8: Facility Depot | J8: Restroom support
A9: SUP006 | B9: Toilet Tissue | C9: Restroom | D9: case | E9: 0.16 | F9: 1.8e-05 | G9: 0.04 | H9: 0.3 | I9: Facility Depot | J9: Restroom support
A10: SUP007 | B10: Microfiber Towels | C10: Reusable | D10: pack | E10: 0.06 | F10: 6e-06 | G10: 0.05 | H10: 0.2 | I10: CleanCo Supply | J10: Reusable but needs replacement
A11: SUP008 | B11: Mop Heads | C11: Reusable | D11: each | E11: 0.04 | F11: 4e-06 | G11: 0.02 | H11: 0.2 | I11: Janitorial Direct | J11: Floor care
A12: SUP009 | B12: Floor Cleaner | C12: Chemical | D12: gallon | E12: 0.1 | F12: 1.8e-05 | G12: 0.04 | H12: 0.25 | I12: Janitorial Direct | J12: Schools/industrial higher use
A13: SUP010 | B13: Hand Soap Refill | C13: Restroom | D13: case | E13: 0.1 | F13: 1.2e-05 | G13: 0.03 | H13: 0.25 | I13: Facility Depot | J13: Customer-facing restrooms

Sheet Inventory
A1: Inventory Control
A3: Item ID | B3: Item | C3: Category | D3: Unit | E3: Current Stock | F3: Min Stock | G3: Max Stock | H3: Weekly Forecast | I3: Reorder Point | J3: Suggested Order Qty | K3: Status | L3: Last Count Date | M3: Manager Notes | N3: Action Rank
A4: SUP001 | B4: Trash Liners 55 Gal | C4: Consumable | D4: case | E4: 28 | F4: 22 | G4: 66 | H4: =IFERROR(SUMIFS('Supply Forecast'!$J$4:$J$123,'Supply Forecast'!$B$4:$B$123,A4),0) -> 45.9 | I4: =ROUNDUP(F4+(H4*1.5),0) -> 91 | J4: =MAX(0,ROUNDUP(G4-E4,0)) -> 38 | K4: =IF(E4<=I4,"ORDER",IF(E4<=F4,"WATCH","OK")) -> ORDER | L4: 46147 | N4: =IF(K4<>"OK",COUNTIF($K$4:K4,"<>OK"),"") -> 1
A5: SUP002 | B5: Nitrile Gloves | C5: Consumable | D5: box | E5: 45 | F5: 40 | G5: 120 | H5: =IFERROR(SUMIFS('Supply Forecast'!$J$4:$J$123,'Supply Forecast'!$B$4:$B$123,A5),0) -> 60.8 | I5: =ROUNDUP(F5+(H5*1.5),0) -> 132 | J5: =MAX(0,ROUNDUP(G5-E5,0)) -> 75 | K5: =IF(E5<=I5,"ORDER",IF(E5<=F5,"WATCH","OK")) -> ORDER | L5: 46147 | N5: =IF(K5<>"OK",COUNTIF($K$4:K5,"<>OK"),"") -> 2
A6: SUP003 | B6: Disinfectant Concentrate | C6: Chemical | D6: gallon | E6: 14 | F6: 12 | G6: 36 | H6: =IFERROR(SUMIFS('Supply Forecast'!$J$4:$J$123,'Supply Forecast'!$B$4:$B$123,A6),0) -> 47.3 | I6: =ROUNDUP(F6+(H6*1.5),0) -> 83 | J6: =MAX(0,ROUNDUP(G6-E6,0)) -> 22 | K6: =IF(E6<=I6,"ORDER",IF(E6<=F6,"WATCH","OK")) -> ORDER | L6: 46147 | N6: =IF(K6<>"OK",COUNTIF($K$4:K6,"<>OK"),"") -> 3
A7: SUP004 | B7: Glass Cleaner | C7: Chemical | D7: gallon | E7: 12 | F7: 8 | G7: 24 | H7: =IFERROR(SUMIFS('Supply Forecast'!$J$4:$J$123,'Supply Forecast'!$B$4:$B$123,A7),0) -> 26.7 | I7: =ROUNDUP(F7+(H7*1.5),0) -> 49 | J7: =MAX(0,ROUNDUP(G7-E7,0)) -> 12 | K7: =IF(E7<=I7,"ORDER",IF(E7<=F7,"WATCH","OK")) -> ORDER | L7: 46147 | N7: =IF(K7<>"OK",COUNTIF($K$4:K7,"<>OK"),"") -> 4
A8: SUP005 | B8: Paper Towels | C8: Restroom | D8: case | E8: 18 | F8: 14 | G8: 42 | H8: =IFERROR(SUMIFS('Supply Forecast'!$J$4:$J$123,'Supply Forecast'!$B$4:$B$123,A8),0) -> 54.5 | I8: =ROUNDUP(F8+(H8*1.5),0) -> 96 | J8: =MAX(0,ROUNDUP(G8-E8,0)) -> 24 | K8: =IF(E8<=I8,"ORDER",IF(E8<=F8,"WATCH","OK")) -> ORDER | L8: 46147 | N8: =IF(K8<>"OK",COUNTIF($K$4:K8,"<>OK"),"") -> 5
A9: SUP006 | B9: Toilet Tissue | C9: Restroom | D9: case | E9: 16 | F9: 12 | G9: 36 | H9: =IFERROR(SUMIFS('Supply Forecast'!$J$4:$J$123,'Supply Forecast'!$B$4:$B$123,A9),0) -> 47.9 | I9: =ROUNDUP(F9+(H9*1.5),0) -> 84 | J9: =MAX(0,ROUNDUP(G9-E9,0)) -> 20 | K9: =IF(E9<=I9,"ORDER",IF(E9<=F9,"WATCH","OK")) -> ORDER | L9: 46147 | N9: =IF(K9<>"OK",COUNTIF($K$4:K9,"<>OK"),"") -> 6
A10: SUP007 | B10: Microfiber Towels | C10: Reusable | D10: pack | E10: 20 | F10: 10 | G10: 30 | H10: =IFERROR(SUMIFS('Supply Forecast'!$J$4:$J$123,'Supply Forecast'!$B$4:$B$123,A10),0) -> 21.1 | I10: =ROUNDUP(F10+(H10*1.5),0) -> 42 | J10: =MAX(0,ROUNDUP(G10-E10,0)) -> 10 | K10: =IF(E10<=I10,"ORDER",IF(E10<=F10,"WATCH","OK")) -> ORDER | L10: 46147 | N10: =IF(K10<>"OK",COUNTIF($K$4:K10,"<>OK"),"") -> 7
A11: SUP008 | B11: Mop Heads | C11: Reusable | D11: each | E11: 13 | F11: 8 | G11: 24 | H11: =IFERROR(SUMIFS('Supply Forecast'!$J$4:$J$123,'Supply Forecast'!$B$4:$B$123,A11),0) -> 12.8 | I11: =ROUNDUP(F11+(H11*1.5),0) -> 28 | J11: =MAX(0,ROUNDUP(G11-E11,0)) -> 11 | K11: =IF(E11<=I11,"ORDER",IF(E11<=F11,"WATCH","OK")) -> ORDER | L11: 46147 | N11: =IF(K11<>"OK",COUNTIF($K$4:K11,"<>OK"),"") -> 8
A12: SUP009 | B12: Floor Cleaner | C12: Chemical | D12: gallon | E12: 10 | F12: 10 | G12: 30 | H12: =IFERROR(SUMIFS('Supply Forecast'!$J$4:$J$123,'Supply Forecast'!$B$4:$B$123,A12),0) -> 42.5 | I12: =ROUNDUP(F12+(H12*1.5),0) -> 74 | J12: =MAX(0,ROUNDUP(G12-E12,0)) -> 20 | K12: =IF(E12<=I12,"ORDER",IF(E12<=F12,"WATCH","OK")) -> ORDER | L12: 46147 | N12: =IF(K12<>"OK",COUNTIF($K$4:K12,"<>OK"),"") -> 9
A13: SUP010 | B13: Hand Soap Refill | C13: Restroom | D13: case | E13: 11 | F13: 8 | G13: 24 | H13: =IFERROR(SUMIFS('Supply Forecast'!$J$4:$J$123,'Supply Forecast'!$B$4:$B$123,A13),0) -> 31.9 | I13: =ROUNDUP(F13+(H13*1.5),0) -> 56 | J13: =MAX(0,ROUNDUP(G13-E13,0)) -> 13 | K13: =IF(E13<=I13,"ORDER",IF(E13<=F13,"WATCH","OK")) -> ORDER | L13: 46147 | N13: =IF(K13<>"OK",COUNTIF($K$4:K13,"<>OK"),"") -> 10

Sheet Vendors
A1: Vendor Scorecard
A3: Vendor | B3: Item ID | C3: Item | D3: Unit Cost | E3: Lead Time Days | F3: Reliability 1-10 | G3: Delivery Score | H3: Cost Score | I3: Weighted Score | J3: Manager Choice | K3: LookupKey | L3: LookupVendor | M3: LookupCost | N3: LookupLeadDays
A4: CleanCo Supply | B4: SUP001 | C4: Trash Liners 55 Gal | D4: 52 | E4: 3 | F4: 9 | G4: =MAX(1,11-E4) -> 8 | H4: =IFERROR(10*_xludf.AGGREGATE(15,6,$D$4:$D$29/($B$4:$B$29=B4),1)/D4,0) -> 0 | I4: =ROUND((H4*0.4)+(G4*0.3)+(F4*0.3),2) -> 5.1 | J4: =IF(I4=_xludf.AGGREGATE(14,6,$I$4:$I$29/($B$4:$B$29=B4),1),"Preferred","Alt") -> #NAME? | K4: =B4&"|"&J4 -> #NAME? | L4: =A4 -> CleanCo Supply | M4: =D4 -> 52 | N4: =E4 -> 3
A5: Facility Depot | B5: SUP001 | C5: Trash Liners 55 Gal | D5: 49 | E5: 6 | F5: 7 | G5: =MAX(1,11-E5) -> 5 | H5: =IFERROR(10*_xludf.AGGREGATE(15,6,$D$4:$D$29/($B$4:$B$29=B5),1)/D5,0) -> 0 | I5: =ROUND((H5*0.4)+(G5*0.3)+(F5*0.3),2) -> 3.6 | J5: =IF(I5=_xludf.AGGREGATE(14,6,$I$4:$I$29/($B$4:$B$29=B5),1),"Preferred","Alt") -> #NAME? | K5: =B5&"|"&J5 -> #NAME? | L5: =A5 -> Facility Depot | M5: =D5 -> 49 | N5: =E5 -> 6
A6: Janitorial Direct | B6: SUP001 | C6: Trash Liners 55 Gal | D6: 55 | E6: 2 | F6: 8 | G6: =MAX(1,11-E6) -> 9 | H6: =IFERROR(10*_xludf.AGGREGATE(15,6,$D$4:$D$29/($B$4:$B$29=B6),1)/D6,0) -> 0 | I6: =ROUND((H6*0.4)+(G6*0.3)+(F6*0.3),2) -> 5.1 | J6: =IF(I6=_xludf.AGGREGATE(14,6,$I$4:$I$29/($B$4:$B$29=B6),1),"Preferred","Alt") -> #NAME? | K6: =B6&"|"&J6 -> #NAME? | L6: =A6 -> Janitorial Direct | M6: =D6 -> 55 | N6: =E6 -> 2
A7: Facility Depot | B7: SUP002 | C7: Nitrile Gloves | D7: 38 | E7: 4 | F7: 8 | G7: =MAX(1,11-E7) -> 7 | H7: =IFERROR(10*_xludf.AGGREGATE(15,6,$D$4:$D$29/($B$4:$B$29=B7),1)/D7,0) -> 0 | I7: =ROUND((H7*0.4)+(G7*0.3)+(F7*0.3),2) -> 4.5 | J7: =IF(I7=_xludf.AGGREGATE(14,6,$I$4:$I$29/($B$4:$B$29=B7),1),"Preferred","Alt") -> #NAME? | K7: =B7&"|"&J7 -> #NAME? | L7: =A7 -> Facility Depot | M7: =D7 -> 38 | N7: =E7 -> 4
A8: CleanCo Supply | B8: SUP002 | C8: Nitrile Gloves | D8: 41 | E8: 3 | F8: 9 | G8: =MAX(1,11-E8) -> 8 | H8: =IFERROR(10*_xludf.AGGREGATE(15,6,$D$4:$D$29/($B$4:$B$29=B8),1)/D8,0) -> 0 | I8: =ROUND((H8*0.4)+(G8*0.3)+(F8*0.3),2) -> 5.1 | J8: =IF(I8=_xludf.AGGREGATE(14,6,$I$4:$I$29/($B$4:$B$29=B8),1),"Preferred","Alt") -> #NAME? | K8: =B8&"|"&J8 -> #NAME? | L8: =A8 -> CleanCo Supply | M8: =D8 -> 41 | N8: =E8 -> 3
A9: Janitorial Direct | B9: SUP002 | C9: Nitrile Gloves | D9: 36 | E9: 7 | F9: 6 | G9: =MAX(1,11-E9) -> 4 | H9: =IFERROR(10*_xludf.AGGREGATE(15,6,$D$4:$D$29/($B$4:$B$29=B9),1)/D9,0) -> 0 | I9: =ROUND((H9*0.4)+(G9*0.3)+(F9*0.3),2) -> 3 | J9: =IF(I9=_xludf.AGGREGATE(14,6,$I$4:$I$29/($B$4:$B$29=B9),1),"Preferred","Alt") -> #NAME? | K9: =B9&"|"&J9 -> #NAME? | L9: =A9 -> Janitorial Direct | M9: =D9 -> 36 | N9: =E9 -> 7
A10: Janitorial Direct | B10: SUP003 | C10: Disinfectant Concentrate | D10: 24 | E10: 3 | F10: 9 | G10: =MAX(1,11-E10) -> 8 | H10: =IFERROR(10*_xludf.AGGREGATE(15,6,$D$4:$D$29/($B$4:$B$29=B10),1)/D10,0) -> 0 | I10: =ROUND((H10*0.4)+(G10*0.3)+(F10*0.3),2) -> 5.1 | J10: =IF(I10=_xludf.AGGREGATE(14,6,$I$4:$I$29/($B$4:$B$29=B10),1),"Preferred","Alt") -> #NAME? | K10: =B10&"|"&J10 -> #NAME? | L10: =A10 -> Janitorial Direct | M10: =D10 -> 24 | N10: =E10 -> 3
A11: CleanCo Supply | B11: SUP003 | C11: Disinfectant Concentrate | D11: 26 | E11: 2 | F11: 8 | G11: =MAX(1,11-E11) -> 9 | H11: =IFERROR(10*_xludf.AGGREGATE(15,6,$D$4:$D$29/($B$4:$B$29=B11),1)/D11,0) -> 0 | I11: =ROUND((H11*0.4)+(G11*0.3)+(F11*0.3),2) -> 5.1 | J11: =IF(I11=_xludf.AGGREGATE(14,6,$I$4:$I$29/($B$4:$B$29=B11),1),"Preferred","Alt") -> #NAME? | K11: =B11&"|"&J11 -> #NAME? | L11: =A11 -> CleanCo Supply | M11: =D11 -> 26 | N11: =E11 -> 2
A12: Facility Depot | B12: SUP003 | C12: Disinfectant Concentrate | D12: 23 | E12: 6 | F12: 7 | G12: =MAX(1,11-E12) -> 5 | H12: =IFERROR(10*_xludf.AGGREGATE(15,6,$D$4:$D$29/($B$4:$B$29=B12),1)/D12,0) -> 0 | I12: =ROUND((H12*0.4)+(G12*0.3)+(F12*0.3),2) -> 3.6 | J12: =IF(I12=_xludf.AGGREGATE(14,6,$I$4:$I$29/($B$4:$B$29=B12),1),"Preferred","Alt") -> #NAME? | K12: =B12&"|"&J12 -> #NAME? | L12: =A12 -> Facility Depot | M12: =D12 -> 23 | N12: =E12 -> 6
A13: CleanCo Supply | B13: SUP004 | C13: Glass Cleaner | D13: 18 | E13: 3 | F13: 9 | G13: =MAX(1,11-E13) -> 8 | H13: =IFERROR(10*_xludf.AGGREGATE(15,6,$D$4:$D$29/($B$4:$B$29=B13),1)/D13,0) -> 0 | I13: =ROUND((H13*0.4)+(G13*0.3)+(F13*0.3),2) -> 5.1 | J13: =IF(I13=_xludf.AGGREGATE(14,6,$I$4:$I$29/($B$4:$B$29=B13),1),"Preferred","Alt") -> #NAME? | K13: =B13&"|"&J13 -> #NAME? | L13: =A13 -> CleanCo Supply | M13: =D13 -> 18 | N13: =E13 -> 3
A14: Facility Depot | B14: SUP004 | C14: Glass Cleaner | D14: 17 | E14: 5 | F14: 7 | G14: =MAX(1,11-E14) -> 6 | H14: =IFERROR(10*_xludf.AGGREGATE(15,6,$D$4:$D$29/($B$4:$B$29=B14),1)/D14,0) -> 0 | I14: =ROUND((H14*0.4)+(G14*0.3)+(F14*0.3),2) -> 3.9 | J14: =IF(I14=_xludf.AGGREGATE(14,6,$I$4:$I$29/($B$4:$B$29=B14),1),"Preferred","Alt") -> #NAME? | K14: =B14&"|"&J14 -> #NAME? | L14: =A14 -> Facility Depot | M14: =D14 -> 17 | N14: =E14 -> 5
A15: Janitorial Direct | B15: SUP004 | C15: Glass Cleaner | D15: 19 | E15: 2 | F15: 8 | G15: =MAX(1,11-E15) -> 9 | H15: =IFERROR(10*_xludf.AGGREGATE(15,6,$D$4:$D$29/($B$4:$B$29=B15),1)/D15,0) -> 0 | I15: =ROUND((H15*0.4)+(G15*0.3)+(F15*0.3),2) -> 5.1 | J15: =IF(I15=_xludf.AGGREGATE(14,6,$I$4:$I$29/($B$4:$B$29=B15),1),"Preferred","Alt") -> #NAME? | K15: =B15&"|"&J15 -> #NAME? | L15: =A15 -> Janitorial Direct | M15: =D15 -> 19 | N15: =E15 -> 2
... A29: CleanCo Supply | B29: SUP010 | C29: Hand Soap Refill | D29: 37 | E29: 2 | F29: 9 | G29: =MAX(1,11-E29) -> 9 | H29: =IFERROR(10*_xludf.AGGREGATE(15,6,$D$4:$D$29/($B$4:$B$29=B29),1)/D29,0) -> 0 | I29: =ROUND((H29*0.4)+(G29*0.3)+(F29*0.3),2) -> 5.4 | J29: =IF(I29=_xludf.AGGREGATE(14,6,$I$4:$I$29/($B$4:$B$29=B29),1),"Preferred","Alt") -> #NAME? | K29: =B29&"|"&J29 -> #NAME? | L29: =A29 -> CleanCo Supply | M29: =D29 -> 37 | N29: =E29 -> 2

Sheet Supply Forecast
A1: Contract-Based Supply Forecast
A3: Client | B3: Item ID | C3: Item | D3: Service Type | E3: Weekly Visits | F3: Headcount | G3: Sq Ft | H3: Service Factor | I3: Base Usage | J3: Weekly Qty | K3: Monthly Qty | L3: Priority
A4: Bank | B4: SUP001 | C4: Trash Liners 55 Gal | D4: =IFERROR(VLOOKUP(A4,Contracts!$A$4:$J$15,3,FALSE),"") -> Office | E4: =IFERROR(VLOOKUP(A4,Contracts!$A$4:$J$15,10,FALSE),0) -> 5 | F4: =IFERROR(VLOOKUP(A4,Contracts!$A$4:$J$15,6,FALSE),0) -> 1 | G4: =IFERROR(VLOOKUP(A4,Contracts!$A$4:$J$15,4,FALSE),0) -> 4500 | H4: =IFERROR(VLOOKUP(D4,Settings!$A$4:$B$10,2,FALSE),1) -> 1 | I4: =IFERROR(VLOOKUP(B4,'Supply Catalog'!$A$4:$J$13,5,FALSE),0) -> 0.18 | J4: =ROUNDUP(E4*((I4*H4)+(G4*IFERROR(VLOOKUP(B4,'Supply Catalog'!$A$4:$J$13,6,FALSE),0))+(F4*IFERROR(VLOOKUP(B4,'Supply Catalog'!$A$4:$J$13,7,FALSE),0))),1) -> 1.5 | K4: =ROUNDUP(J4*4.33,1) -> 6.5 | L4: =IFERROR(VLOOKUP(A4,Contracts!$A$4:$J$15,7,FALSE),"") -> High
A5: Bank | B5: SUP002 | C5: Nitrile Gloves | D5: =IFERROR(VLOOKUP(A5,Contracts!$A$4:$J$15,3,FALSE),"") -> Office | E5: =IFERROR(VLOOKUP(A5,Contracts!$A$4:$J$15,10,FALSE),0) -> 5 | F5: =IFERROR(VLOOKUP(A5,Contracts!$A$4:$J$15,6,FALSE),0) -> 1 | G5: =IFERROR(VLOOKUP(A5,Contracts!$A$4:$J$15,4,FALSE),0) -> 4500 | H5: =IFERROR(VLOOKUP(D5,Settings!$A$4:$B$10,2,FALSE),1) -> 1 | I5: =IFERROR(VLOOKUP(B5,'Supply Catalog'!$A$4:$J$13,5,FALSE),0) -> 0.45 | J5: =ROUNDUP(E5*((I5*H5)+(G5*IFERROR(VLOOKUP(B5,'Supply Catalog'!$A$4:$J$13,6,FALSE),0))+(F5*IFERROR(VLOOKUP(B5,'Supply Catalog'!$A$4:$J$13,7,FALSE),0))),1) -> 2.9 | K5: =ROUNDUP(J5*4.33,1) -> 12.6 | L5: =IFERROR(VLOOKUP(A5,Contracts!$A$4:$J$15,7,FALSE),"") -> High
A6: Bank | B6: SUP003 | C6: Disinfectant Concentrate | D6: =IFERROR(VLOOKUP(A6,Contracts!$A$4:$J$15,3,FALSE),"") -> Office | E6: =IFERROR(VLOOKUP(A6,Contracts!$A$4:$J$15,10,FALSE),0) -> 5 | F6: =IFERROR(VLOOKUP(A6,Contracts!$A$4:$J$15,6,FALSE),0) -> 1 | G6: =IFERROR(VLOOKUP(A6,Contracts!$A$4:$J$15,4,FALSE),0) -> 4500 | H6: =IFERROR(VLOOKUP(D6,Settings!$A$4:$B$10,2,FALSE),1) -> 1 | I6: =IFERROR(VLOOKUP(B6,'Supply Catalog'!$A$4:$J$13,5,FALSE),0) -> 0.12 | J6: =ROUNDUP(E6*((I6*H6)+(G6*IFERROR(VLOOKUP(B6,'Supply Catalog'!$A$4:$J$13,6,FALSE),0))+(F6*IFERROR(VLOOKUP(B6,'Supply Catalog'!$A$4:$J$13,7,FALSE),0))),1) -> 1.3 | K6: =ROUNDUP(J6*4.33,1) -> 5.7 | L6: =IFERROR(VLOOKUP(A6,Contracts!$A$4:$J$15,7,FALSE),"") -> High
A7: Bank | B7: SUP004 | C7: Glass Cleaner | D7: =IFERROR(VLOOKUP(A7,Contracts!$A$4:$J$15,3,FALSE),"") -> Office | E7: =IFERROR(VLOOKUP(A7,Contracts!$A$4:$J$15,10,FALSE),0) -> 5 | F7: =IFERROR(VLOOKUP(A7,Contracts!$A$4:$J$15,6,FALSE),0) -> 1 | G7: =IFERROR(VLOOKUP(A7,Contracts!$A$4:$J$15,4,FALSE),0) -> 4500 | H7: =IFERROR(VLOOKUP(D7,Settings!$A$4:$B$10,2,FALSE),1) -> 1 | I7: =IFERROR(VLOOKUP(B7,'Supply Catalog'!$A$4:$J$13,5,FALSE),0) -> 0.08 | J7: =ROUNDUP(E7*((I7*H7)+(G7*IFERROR(VLOOKUP(B7,'Supply Catalog'!$A$4:$J$13,6,FALSE),0))+(F7*IFERROR(VLOOKUP(B7,'Supply Catalog'!$A$4:$J$13,7,FALSE),0))),1) -> 0.8 | K7: =ROUNDUP(J7*4.33,1) -> 3.5 | L7: =IFERROR(VLOOKUP(A7,Contracts!$A$4:$J$15,7,FALSE),"") -> High
A8: Bank | B8: SUP005 | C8: Paper Towels | D8: =IFERROR(VLOOKUP(A8,Contracts!$A$4:$J$15,3,FALSE),"") -> Office | E8: =IFERROR(VLOOKUP(A8,Contracts!$A$4:$J$15,10,FALSE),0) -> 5 | F8: =IFERROR(VLOOKUP(A8,Contracts!$A$4:$J$15,6,FALSE),0) -> 1 | G8: =IFERROR(VLOOKUP(A8,Contracts!$A$4:$J$15,4,FALSE),0) -> 4500 | H8: =IFERROR(VLOOKUP(D8,Settings!$A$4:$B$10,2,FALSE),1) -> 1 | I8: =IFERROR(VLOOKUP(B8,'Supply Catalog'!$A$4:$J$13,5,FALSE),0) -> 0.2 | J8: =ROUNDUP(E8*((I8*H8)+(G8*IFERROR(VLOOKUP(B8,'Supply Catalog'!$A$4:$J$13,6,FALSE),0))+(F8*IFERROR(VLOOKUP(B8,'Supply Catalog'!$A$4:$J$13,7,FALSE),0))),1) -> 1.7 | K8: =ROUNDUP(J8*4.33,1) -> 7.4 | L8: =IFERROR(VLOOKUP(A8,Contracts!$A$4:$J$15,7,FALSE),"") -> High
A9: Bank | B9: SUP006 | C9: Toilet Tissue | D9: =IFERROR(VLOOKUP(A9,Contracts!$A$4:$J$15,3,FALSE),"") -> Office | E9: =IFERROR(VLOOKUP(A9,Contracts!$A$4:$J$15,10,FALSE),0) -> 5 | F9: =IFERROR(VLOOKUP(A9,Contracts!$A$4:$J$15,6,FALSE),0) -> 1 | G9: =IFERROR(VLOOKUP(A9,Contracts!$A$4:$J$15,4,FALSE),0) -> 4500 | H9: =IFERROR(VLOOKUP(D9,Settings!$A$4:$B$10,2,FALSE),1) -> 1 | I9: =IFERROR(VLOOKUP(B9,'Supply Catalog'!$A$4:$J$13,5,FALSE),0) -> 0.16 | J9: =ROUNDUP(E9*((I9*H9)+(G9*IFERROR(VLOOKUP(B9,'Supply Catalog'!$A$4:$J$13,6,FALSE),0))+(F9*IFERROR(VLOOKUP(B9,'Supply Catalog'!$A$4:$J$13,7,FALSE),0))),1) -> 1.5 | K9: =ROUNDUP(J9*4.33,1) -> 6.5 | L9: =IFERROR(VLOOKUP(A9,Contracts!$A$4:$J$15,7,FALSE),"") -> High
A10: Bank | B10: SUP007 | C10: Microfiber Towels | D10: =IFERROR(VLOOKUP(A10,Contracts!$A$4:$J$15,3,FALSE),"") -> Office | E10: =IFERROR(VLOOKUP(A10,Contracts!$A$4:$J$15,10,FALSE),0) -> 5 | F10: =IFERROR(VLOOKUP(A10,Contracts!$A$4:$J$15,6,FALSE),0) -> 1 | G10: =IFERROR(VLOOKUP(A10,Contracts!$A$4:$J$15,4,FALSE),0) -> 4500 | H10: =IFERROR(VLOOKUP(D10,Settings!$A$4:$B$10,2,FALSE),1) -> 1 | I10: =IFERROR(VLOOKUP(B10,'Supply Catalog'!$A$4:$J$13,5,FALSE),0) -> 0.06 | J10: =ROUNDUP(E10*((I10*H10)+(G10*IFERROR(VLOOKUP(B10,'Supply Catalog'!$A$4:$J$13,6,FALSE),0))+(F10*IFERROR(VLOOKUP(B10,'Supply Catalog'!$A$4:$J$13,7,FALSE),0))),1) -> 0.7 | K10: =ROUNDUP(J10*4.33,1) -> 3.1 | L10: =IFERROR(VLOOKUP(A10,Contracts!$A$4:$J$15,7,FALSE),"") -> High
A11: Bank | B11: SUP008 | C11: Mop Heads | D11: =IFERROR(VLOOKUP(A11,Contracts!$A$4:$J$15,3,FALSE),"") -> Office | E11: =IFERROR(VLOOKUP(A11,Contracts!$A$4:$J$15,10,FALSE),0) -> 5 | F11: =IFERROR(VLOOKUP(A11,Contracts!$A$4:$J$15,6,FALSE),0) -> 1 | G11: =IFERROR(VLOOKUP(A11,Contracts!$A$4:$J$15,4,FALSE),0) -> 4500 | H11: =IFERROR(VLOOKUP(D11,Settings!$A$4:$B$10,2,FALSE),1) -> 1 | I11: =IFERROR(VLOOKUP(B11,'Supply Catalog'!$A$4:$J$13,5,FALSE),0) -> 0.04 | J11: =ROUNDUP(E11*((I11*H11)+(G11*IFERROR(VLOOKUP(B11,'Supply Catalog'!$A$4:$J$13,6,FALSE),0))+(F11*IFERROR(VLOOKUP(B11,'Supply Catalog'!$A$4:$J$13,7,FALSE),0))),1) -> 0.4 | K11: =ROUNDUP(J11*4.33,1) -> 1.8 | L11: =IFERROR(VLOOKUP(A11,Contracts!$A$4:$J$15,7,FALSE),"") -> High
A12: Bank | B12: SUP009 | C12: Floor Cleaner | D12: =IFERROR(VLOOKUP(A12,Contracts!$A$4:$J$15,3,FALSE),"") -> Office | E12: =IFERROR(VLOOKUP(A12,Contracts!$A$4:$J$15,10,FALSE),0) -> 5 | F12: =IFERROR(VLOOKUP(A12,Contracts!$A$4:$J$15,6,FALSE),0) -> 1 | G12: =IFERROR(VLOOKUP(A12,Contracts!$A$4:$J$15,4,FALSE),0) -> 4500 | H12: =IFERROR(VLOOKUP(D12,Settings!$A$4:$B$10,2,FALSE),1) -> 1 | I12: =IFERROR(VLOOKUP(B12,'Supply Catalog'!$A$4:$J$13,5,FALSE),0) -> 0.1 | J12: =ROUNDUP(E12*((I12*H12)+(G12*IFERROR(VLOOKUP(B12,'Supply Catalog'!$A$4:$J$13,6,FALSE),0))+(F12*IFERROR(VLOOKUP(B12,'Supply Catalog'!$A$4:$J$13,7,FALSE),0))),1) -> 1.2 | K12: =ROUNDUP(J12*4.33,1) -> 5.2 | L12: =IFERROR(VLOOKUP(A12,Contracts!$A$4:$J$15,7,FALSE),"") -> High
A13: Bank | B13: SUP010 | C13: Hand Soap Refill | D13: =IFERROR(VLOOKUP(A13,Contracts!$A$4:$J$15,3,FALSE),"") -> Office | E13: =IFERROR(VLOOKUP(A13,Contracts!$A$4:$J$15,10,FALSE),0) -> 5 | F13: =IFERROR(VLOOKUP(A13,Contracts!$A$4:$J$15,6,FALSE),0) -> 1 | G13: =IFERROR(VLOOKUP(A13,Contracts!$A$4:$J$15,4,FALSE),0) -> 4500 | H13: =IFERROR(VLOOKUP(D13,Settings!$A$4:$B$10,2,FALSE),1) -> 1 | I13: =IFERROR(VLOOKUP(B13,'Supply Catalog'!$A$4:$J$13,5,FALSE),0) -> 0.1 | J13: =ROUNDUP(E13*((I13*H13)+(G13*IFERROR(VLOOKUP(B13,'Supply Catalog'!$A$4:$J$13,6,FALSE),0))+(F13*IFERROR(VLOOKUP(B13,'Supply Catalog'!$A$4:$J$13,7,FALSE),0))),1) -> 1 | K13: =ROUNDUP(J13*4.33,1) -> 4.4 | L13: =IFERROR(VLOOKUP(A13,Contracts!$A$4:$J$15,7,FALSE),"") -> High
A14: HighSchool | B14: SUP001 | C14: Trash Liners 55 Gal | D14: =IFERROR(VLOOKUP(A14,Contracts!$A$4:$J$15,3,FALSE),"") -> Education | E14: =IFERROR(VLOOKUP(A14,Contracts!$A$4:$J$15,10,FALSE),0) -> 5 | F14: =IFERROR(VLOOKUP(A14,Contracts!$A$4:$J$15,6,FALSE),0) -> 2 | G14: =IFERROR(VLOOKUP(A14,Contracts!$A$4:$J$15,4,FALSE),0) -> 52000 | H14: =IFERROR(VLOOKUP(D14,Settings!$A$4:$B$10,2,FALSE),1) -> 2 | I14: =IFERROR(VLOOKUP(B14,'Supply Catalog'!$A$4:$J$13,5,FALSE),0) -> 0.18 | J14: =ROUNDUP(E14*((I14*H14)+(G14*IFERROR(VLOOKUP(B14,'Supply Catalog'!$A$4:$J$13,6,FALSE),0))+(F14*IFERROR(VLOOKUP(B14,'Supply Catalog'!$A$4:$J$13,7,FALSE),0))),1) -> 6.2 | K14: =ROUNDUP(J14*4.33,1) -> 26.9 | L14: =IFERROR(VLOOKUP(A14,Contracts!$A$4:$J$15,7,FALSE),"") -> High
A15: HighSchool | B15: SUP002 | C15: Nitrile Gloves | D15: =IFERROR(VLOOKUP(A15,Contracts!$A$4:$J$15,3,FALSE),"") -> Education | E15: =IFERROR(VLOOKUP(A15,Contracts!$A$4:$J$15,10,FALSE),0) -> 5 | F15: =IFERROR(VLOOKUP(A15,Contracts!$A$4:$J$15,6,FALSE),0) -> 2 | G15: =IFERROR(VLOOKUP(A15,Contracts!$A$4:$J$15,4,FALSE),0) -> 52000 | H15: =IFERROR(VLOOKUP(D15,Settings!$A$4:$B$10,2,FALSE),1) -> 2 | I15: =IFERROR(VLOOKUP(B15,'Supply Catalog'!$A$4:$J$13,5,FALSE),0) -> 0.45 | J15: =ROUNDUP(E15*((I15*H15)+(G15*IFERROR(VLOOKUP(B15,'Supply Catalog'!$A$4:$J$13,6,FALSE),0))+(F15*IFERROR(VLOOKUP(B15,'Supply Catalog'!$A$4:$J$13,7,FALSE),0))),1) -> 6.8 | K15: =ROUNDUP(J15*4.33,1) -> 29.5 | L15: =IFERROR(VLOOKUP(A15,Contracts!$A$4:$J$15,7,FALSE),"") -> High
... A123: Library2 | B123: SUP010 | C123: Hand Soap Refill | D123: =IFERROR(VLOOKUP(A123,Contracts!$A$4:$J$15,3,FALSE),"") -> Light Office | E123: =IFERROR(VLOOKUP(A123,Contracts!$A$4:$J$15,10,FALSE),0) -> 6 | F123: =IFERROR(VLOOKUP(A123,Contracts!$A$4:$J$15,6,FALSE),0) -> 2 | G123: =IFERROR(VLOOKUP(A123,Contracts!$A$4:$J$15,4,FALSE),0) -> 16000 | H123: =IFERROR(VLOOKUP(D123,Settings!$A$4:$B$10,2,FALSE),1) -> 0.7 | I123: =IFERROR(VLOOKUP(B123,'Supply Catalog'!$A$4:$J$13,5,FALSE),0) -> 0.1 | J123: =ROUNDUP(E123*((I123*H123)+(G123*IFERROR(VLOOKUP(B123,'Supply Catalog'!$A$4:$J$13,6,FALSE),0))+(F123*IFERROR(VLOOKUP(B123,'Supply Catalog'!$A$4:$J$13,7,FALSE),0))),1) -> 2 | K123: =ROUNDUP(J123*4.33,1) -> 8.7 | L123: =IFERROR(VLOOKUP(A123,Contracts!$A$4:$J$15,7,FALSE),"") -> Normal

Sheet Purchase Orders
A1: Purchase Order Recommendations
A3: PO # | B3: Item ID | C3: Item | D3: Status | E3: Priority | F3: Current Stock | G3: Reorder Point | H3: Suggested Qty | I3: Recommended Vendor | J3: Unit Cost | K3: Estimated Cost | L3: Lead Time Days | M3: ETA | N3: Manager Notes
A4: PO-1001 | B4: SUP001 | C4: Trash Liners 55 Gal | D4: =IF(IFERROR(VLOOKUP(B4,Inventory!$A$4:$K$13,11,FALSE),"")="ORDER","Draft","Not Needed") -> Draft | E4: =IF(D4="Draft",IF(F4<=G4*0.75,"Critical","Normal"),"Low") -> Critical | F4: =IFERROR(VLOOKUP(B4,Inventory!$A$4:$K$13,5,FALSE),0) -> 28 | G4: =IFERROR(VLOOKUP(B4,Inventory!$A$4:$K$13,9,FALSE),0) -> 91 | H4: =IFERROR(VLOOKUP(B4,Inventory!$A$4:$K$13,10,FALSE),0) -> 38 | I4: CleanCo Supply | J4: 39 | K4: =IF(D4="Draft",H4*J4,0) -> 1482 | L4: 2 | M4: =IF(D4="Draft",TODAY()+L4,"") -> 46150
A5: PO-1002 | B5: SUP002 | C5: Nitrile Gloves | D5: =IF(IFERROR(VLOOKUP(B5,Inventory!$A$4:$K$13,11,FALSE),"")="ORDER","Draft","Not Needed") -> Draft | E5: =IF(D5="Draft",IF(F5<=G5*0.75,"Critical","Normal"),"Low") -> Critical | F5: =IFERROR(VLOOKUP(B5,Inventory!$A$4:$K$13,5,FALSE),0) -> 45 | G5: =IFERROR(VLOOKUP(B5,Inventory!$A$4:$K$13,9,FALSE),0) -> 132 | H5: =IFERROR(VLOOKUP(B5,Inventory!$A$4:$K$13,10,FALSE),0) -> 75 | I5: Facility Depot | J5: 38 | K5: =IF(D5="Draft",H5*J5,0) -> 2850 | L5: 3 | M5: =IF(D5="Draft",TODAY()+L5,"") -> 46151
A6: PO-1003 | B6: SUP003 | C6: Disinfectant Concentrate | D6: =IF(IFERROR(VLOOKUP(B6,Inventory!$A$4:$K$13,11,FALSE),"")="ORDER","Draft","Not Needed") -> Draft | E6: =IF(D6="Draft",IF(F6<=G6*0.75,"Critical","Normal"),"Low") -> Critical | F6: =IFERROR(VLOOKUP(B6,Inventory!$A$4:$K$13,5,FALSE),0) -> 14 | G6: =IFERROR(VLOOKUP(B6,Inventory!$A$4:$K$13,9,FALSE),0) -> 83 | H6: =IFERROR(VLOOKUP(B6,Inventory!$A$4:$K$13,10,FALSE),0) -> 22 | I6: Janitorial Direct | J6: 24 | K6: =IF(D6="Draft",H6*J6,0) -> 528 | L6: 1 | M6: =IF(D6="Draft",TODAY()+L6,"") -> 46149
A7: PO-1004 | B7: SUP004 | C7: Glass Cleaner | D7: =IF(IFERROR(VLOOKUP(B7,Inventory!$A$4:$K$13,11,FALSE),"")="ORDER","Draft","Not Needed") -> Draft | E7: =IF(D7="Draft",IF(F7<=G7*0.75,"Critical","Normal"),"Low") -> Critical | F7: =IFERROR(VLOOKUP(B7,Inventory!$A$4:$K$13,5,FALSE),0) -> 12 | G7: =IFERROR(VLOOKUP(B7,Inventory!$A$4:$K$13,9,FALSE),0) -> 49 | H7: =IFERROR(VLOOKUP(B7,Inventory!$A$4:$K$13,10,FALSE),0) -> 12 | I7: CleanCo Supply | J7: 18 | K7: =IF(D7="Draft",H7*J7,0) -> 216 | L7: 4 | M7: =IF(D7="Draft",TODAY()+L7,"") -> 46152
A8: PO-1005 | B8: SUP005 | C8: Paper Towels | D8: =IF(IFERROR(VLOOKUP(B8,Inventory!$A$4:$K$13,11,FALSE),"")="ORDER","Draft","Not Needed") -> Draft | E8: =IF(D8="Draft",IF(F8<=G8*0.75,"Critical","Normal"),"Low") -> Critical | F8: =IFERROR(VLOOKUP(B8,Inventory!$A$4:$K$13,5,FALSE),0) -> 18 | G8: =IFERROR(VLOOKUP(B8,Inventory!$A$4:$K$13,9,FALSE),0) -> 96 | H8: =IFERROR(VLOOKUP(B8,Inventory!$A$4:$K$13,10,FALSE),0) -> 24 | I8: Facility Depot | J8: 44 | K8: =IF(D8="Draft",H8*J8,0) -> 1056 | L8: 5 | M8: =IF(D8="Draft",TODAY()+L8,"") -> 46153
A9: PO-1006 | B9: SUP006 | C9: Toilet Tissue | D9: =IF(IFERROR(VLOOKUP(B9,Inventory!$A$4:$K$13,11,FALSE),"")="ORDER","Draft","Not Needed") -> Draft | E9: =IF(D9="Draft",IF(F9<=G9*0.75,"Critical","Normal"),"Low") -> Critical | F9: =IFERROR(VLOOKUP(B9,Inventory!$A$4:$K$13,5,FALSE),0) -> 16 | G9: =IFERROR(VLOOKUP(B9,Inventory!$A$4:$K$13,9,FALSE),0) -> 84 | H9: =IFERROR(VLOOKUP(B9,Inventory!$A$4:$K$13,10,FALSE),0) -> 20 | I9: CleanCo Supply | J9: 20 | K9: =IF(D9="Draft",H9*J9,0) -> 400 | L9: 2 | M9: =IF(D9="Draft",TODAY()+L9,"") -> 46150
A10: PO-1007 | B10: SUP007 | C10: Microfiber Towels | D10: =IF(IFERROR(VLOOKUP(B10,Inventory!$A$4:$K$13,11,FALSE),"")="ORDER","Draft","Not Needed") -> Draft | E10: =IF(D10="Draft",IF(F10<=G10*0.75,"Critical","Normal"),"Low") -> Critical | F10: =IFERROR(VLOOKUP(B10,Inventory!$A$4:$K$13,5,FALSE),0) -> 20 | G10: =IFERROR(VLOOKUP(B10,Inventory!$A$4:$K$13,9,FALSE),0) -> 42 | H10: =IFERROR(VLOOKUP(B10,Inventory!$A$4:$K$13,10,FALSE),0) -> 10 | I10: CleanCo Supply | J10: 7 | K10: =IF(D10="Draft",H10*J10,0) -> 70 | L10: 3 | M10: =IF(D10="Draft",TODAY()+L10,"") -> 46151
A11: PO-1008 | B11: SUP008 | C11: Mop Heads | D11: =IF(IFERROR(VLOOKUP(B11,Inventory!$A$4:$K$13,11,FALSE),"")="ORDER","Draft","Not Needed") -> Draft | E11: =IF(D11="Draft",IF(F11<=G11*0.75,"Critical","Normal"),"Low") -> Critical | F11: =IFERROR(VLOOKUP(B11,Inventory!$A$4:$K$13,5,FALSE),0) -> 13 | G11: =IFERROR(VLOOKUP(B11,Inventory!$A$4:$K$13,9,FALSE),0) -> 28 | H11: =IFERROR(VLOOKUP(B11,Inventory!$A$4:$K$13,10,FALSE),0) -> 11 | I11: Janitorial Direct | J11: 20 | K11: =IF(D11="Draft",H11*J11,0) -> 220 | L11: 4 | M11: =IF(D11="Draft",TODAY()+L11,"") -> 46152
A12: PO-1009 | B12: SUP009 | C12: Floor Cleaner | D12: =IF(IFERROR(VLOOKUP(B12,Inventory!$A$4:$K$13,11,FALSE),"")="ORDER","Draft","Not Needed") -> Draft | E12: =IF(D12="Draft",IF(F12<=G12*0.75,"Critical","Normal"),"Low") -> Critical | F12: =IFERROR(VLOOKUP(B12,Inventory!$A$4:$K$13,5,FALSE),0) -> 10 | G12: =IFERROR(VLOOKUP(B12,Inventory!$A$4:$K$13,9,FALSE),0) -> 74 | H12: =IFERROR(VLOOKUP(B12,Inventory!$A$4:$K$13,10,FALSE),0) -> 20 | I12: Janitorial Direct | J12: 12 | K12: =IF(D12="Draft",H12*J12,0) -> 240 | L12: 3 | M12: =IF(D12="Draft",TODAY()+L12,"") -> 46151
A13: PO-1010 | B13: SUP010 | C13: Hand Soap Refill | D13: =IF(IFERROR(VLOOKUP(B13,Inventory!$A$4:$K$13,11,FALSE),"")="ORDER","Draft","Not Needed") -> Draft | E13: =IF(D13="Draft",IF(F13<=G13*0.75,"Critical","Normal"),"Low") -> Critical | F13: =IFERROR(VLOOKUP(B13,Inventory!$A$4:$K$13,5,FALSE),0) -> 11 | G13: =IFERROR(VLOOKUP(B13,Inventory!$A$4:$K$13,9,FALSE),0) -> 56 | H13: =IFERROR(VLOOKUP(B13,Inventory!$A$4:$K$13,10,FALSE),0) -> 13 | I13: Facility Depot | J13: 15 | K13: =IF(D13="Draft",H13*J13,0) -> 195 | L13: 2 | M13: =IF(D13="Draft",TODAY()+L13,"") -> 46150

Sheet Usage Log
A1: Usage Log - Manager Entry
A3: Date | B3: Client | C3: Item ID | D3: Item | E3: Qty Used | F3: Entered By | G3: Reason | H3: Contract Priority | I3: Month | J3: Week | K3: Notes
A4: 46143 | B4: Bank | C4: SUP001 | D4: =IFERROR(_xludf.XLOOKUP(C4,'Supply Catalog'!$A$4:$A$13,'Supply Catalog'!$B$4:$B$13,""),"") | E4: 1 | F4: Manager | G4: Standard Service | H4: =IFERROR(_xludf.XLOOKUP(B4,Contracts!$A$4:$A$15,Contracts!$G$4:$G$15,""),"") | I4: =IF(A4="","",TEXT(A4,"mmm yyyy")) -> May 2026 | J4: =IF(A4="","",WEEKNUM(A4)) -> 18
A5: 46143 | B5: HighSchool3 | C5: SUP003 | D5: =IFERROR(_xludf.XLOOKUP(C5,'Supply Catalog'!$A$4:$A$13,'Supply Catalog'!$B$4:$B$13,""),"") | E5: 2 | F5: Manager | G5: Standard Service | H5: =IFERROR(_xludf.XLOOKUP(B5,Contracts!$A$4:$A$15,Contracts!$G$4:$G$15,""),"") | I5: =IF(A5="","",TEXT(A5,"mmm yyyy")) -> May 2026 | J5: =IF(A5="","",WEEKNUM(A5)) -> 18
A6: 46144 | B6: Library2 | C6: SUP005 | D6: =IFERROR(_xludf.XLOOKUP(C6,'Supply Catalog'!$A$4:$A$13,'Supply Catalog'!$B$4:$B$13,""),"") | E6: 1 | F6: Lead | G6: Restroom Refill | H6: =IFERROR(_xludf.XLOOKUP(B6,Contracts!$A$4:$A$15,Contracts!$G$4:$G$15,""),"") | I6: =IF(A6="","",TEXT(A6,"mmm yyyy")) -> May 2026 | J6: =IF(A6="","",WEEKNUM(A6)) -> 18
D7: =IFERROR(_xludf.XLOOKUP(C7,'Supply Catalog'!$A$4:$A$13,'Supply Catalog'!$B$4:$B$13,""),"") | H7: =IFERROR(_xludf.XLOOKUP(B7,Contracts!$A$4:$A$15,Contracts!$G$4:$G$15,""),"") | I7: =IF(A7="","",TEXT(A7,"mmm yyyy")) | J7: =IF(A7="","",WEEKNUM(A7))
D8: =IFERROR(_xludf.XLOOKUP(C8,'Supply Catalog'!$A$4:$A$13,'Supply Catalog'!$B$4:$B$13,""),"") | H8: =IFERROR(_xludf.XLOOKUP(B8,Contracts!$A$4:$A$15,Contracts!$G$4:$G$15,""),"") | I8: =IF(A8="","",TEXT(A8,"mmm yyyy")) | J8: =IF(A8="","",WEEKNUM(A8))
D9: =IFERROR(_xludf.XLOOKUP(C9,'Supply Catalog'!$A$4:$A$13,'Supply Catalog'!$B$4:$B$13,""),"") | H9: =IFERROR(_xludf.XLOOKUP(B9,Contracts!$A$4:$A$15,Contracts!$G$4:$G$15,""),"") | I9: =IF(A9="","",TEXT(A9,"mmm yyyy")) | J9: =IF(A9="","",WEEKNUM(A9))
D10: =IFERROR(_xludf.XLOOKUP(C10,'Supply Catalog'!$A$4:$A$13,'Supply Catalog'!$B$4:$B$13,""),"") | H10: =IFERROR(_xludf.XLOOKUP(B10,Contracts!$A$4:$A$15,Contracts!$G$4:$G$15,""),"") | I10: =IF(A10="","",TEXT(A10,"mmm yyyy")) | J10: =IF(A10="","",WEEKNUM(A10))
D11: =IFERROR(_xludf.XLOOKUP(C11,'Supply Catalog'!$A$4:$A$13,'Supply Catalog'!$B$4:$B$13,""),"") | H11: =IFERROR(_xludf.XLOOKUP(B11,Contracts!$A$4:$A$15,Contracts!$G$4:$G$15,""),"") | I11: =IF(A11="","",TEXT(A11,"mmm yyyy")) | J11: =IF(A11="","",WEEKNUM(A11))
D12: =IFERROR(_xludf.XLOOKUP(C12,'Supply Catalog'!$A$4:$A$13,'Supply Catalog'!$B$4:$B$13,""),"") | H12: =IFERROR(_xludf.XLOOKUP(B12,Contracts!$A$4:$A$15,Contracts!$G$4:$G$15,""),"") | I12: =IF(A12="","",TEXT(A12,"mmm yyyy")) | J12: =IF(A12="","",WEEKNUM(A12))
D13: =IFERROR(_xludf.XLOOKUP(C13,'Supply Catalog'!$A$4:$A$13,'Supply Catalog'!$B$4:$B$13,""),"") | H13: =IFERROR(_xludf.XLOOKUP(B13,Contracts!$A$4:$A$15,Contracts!$G$4:$G$15,""),"") | I13: =IF(A13="","",TEXT(A13,"mmm yyyy")) | J13: =IF(A13="","",WEEKNUM(A13))
D14: =IFERROR(_xludf.XLOOKUP(C14,'Supply Catalog'!$A$4:$A$13,'Supply Catalog'!$B$4:$B$13,""),"") | H14: =IFERROR(_xludf.XLOOKUP(B14,Contracts!$A$4:$A$15,Contracts!$G$4:$G$15,""),"") | I14: =IF(A14="","",TEXT(A14,"mmm yyyy")) | J14: =IF(A14="","",WEEKNUM(A14))
D15: =IFERROR(_xludf.XLOOKUP(C15,'Supply Catalog'!$A$4:$A$13,'Supply Catalog'!$B$4:$B$13,""),"") | H15: =IFERROR(_xludf.XLOOKUP(B15,Contracts!$A$4:$A$15,Contracts!$G$4:$G$15,""),"") | I15: =IF(A15="","",TEXT(A15,"mmm yyyy")) | J15: =IF(A15="","",WEEKNUM(A15))
D16: =IFERROR(_xludf.XLOOKUP(C16,'Supply Catalog'!$A$4:$A$13,'Supply Catalog'!$B$4:$B$13,""),"") | H16: =IFERROR(_xludf.XLOOKUP(B16,Contracts!$A$4:$A$15,Contracts!$G$4:$G$15,""),"") | I16: =IF(A16="","",TEXT(A16,"mmm yyyy")) | J16: =IF(A16="","",WEEKNUM(A16))
D17: =IFERROR(_xludf.XLOOKUP(C17,'Supply Catalog'!$A$4:$A$13,'Supply Catalog'!$B$4:$B$13,""),"") | H17: =IFERROR(_xludf.XLOOKUP(B17,Contracts!$A$4:$A$15,Contracts!$G$4:$G$15,""),"") | I17: =IF(A17="","",TEXT(A17,"mmm yyyy")) | J17: =IF(A17="","",WEEKNUM(A17))
D18: =IFERROR(_xludf.XLOOKUP(C18,'Supply Catalog'!$A$4:$A$13,'Supply Catalog'!$B$4:$B$13,""),"") | H18: =IFERROR(_xludf.XLOOKUP(B18,Contracts!$A$4:$A$15,Contracts!$G$4:$G$15,""),"") | I18: =IF(A18="","",TEXT(A18,"mmm yyyy")) | J18: =IF(A18="","",WEEKNUM(A18))
... D23: =IFERROR(_xludf.XLOOKUP(C23,'Supply Catalog'!$A$4:$A$13,'Supply Catalog'!$B$4:$B$13,""),"") | H23: =IFERROR(_xludf.XLOOKUP(B23,Contracts!$A$4:$A$15,Contracts!$G$4:$G$15,""),"") | I23: =IF(A23="","",TEXT(A23,"mmm yyyy")) | J23: =IF(A23="","",WEEKNUM(A23))

Sheet Settings
A1: Settings and Lists
A3: Service Type | B3: Usage Factor | D3: PO Status | F3: Priority
A4: Office | B4: 1 | D4: Draft | F4: Low
A5: Education | B5: 2 | D5: Submitted | F5: Normal
A6: Medical | B6: 2.5 | D6: Confirmed | F6: High
A7: Industrial | B7: 1.7 | D7: Received | F7: Critical
A8: Retail | B8: 1.2 | D8: Delayed
A9: Restroom Heavy | B9: 2.2 | D9: Cancelled
A10: Light Office | B10: 0.7
